<?xml version="1.0" encoding="UTF-8"?>
<project-private xmlns="http://www.netbeans.org/ns/project-private/1">
    <editor-bookmarks xmlns="http://www.netbeans.org/ns/editor-bookmarks/2" lastBookmarkId="0"/>
    <open-files xmlns="http://www.netbeans.org/ns/projectui-open-files/2">
        <group>
            <file>file:/Users/mluisadiez/Documents/UNIR/asignatura%20GAP/SolucionActividad1/Ejercicio5/src/ejercicio5/Figura.java</file>
            <file>file:/Users/mluisadiez/Documents/UNIR/asignatura%20GAP/SolucionActividad1/Ejercicio5/src/ejercicio5/TrianguloEscaleno.java</file>
            <file>file:/Users/mluisadiez/Documents/UNIR/asignatura%20GAP/SolucionActividad1/Ejercicio5/src/ejercicio5/Ejercicio5.java</file>
            <file>file:/Users/mluisadiez/Documents/UNIR/asignatura%20GAP/SolucionActividad1/Ejercicio5/src/ejercicio5/Cuadrado.java</file>
            <file>file:/Users/mluisadiez/Documents/UNIR/asignatura%20GAP/SolucionActividad1/Ejercicio5/src/ejercicio5/Lienzo.java</file>
            <file>file:/Users/mluisadiez/Documents/UNIR/asignatura%20GAP/SolucionActividad1/Ejercicio5/src/ejercicio5/Tablero.java</file>
            <file>file:/Users/mluisadiez/Documents/UNIR/asignatura%20GAP/SolucionActividad1/Ejercicio5/src/ejercicio5/Poligono.java</file>
            <file>file:/Users/mluisadiez/Documents/UNIR/asignatura%20GAP/SolucionActividad1/Ejercicio5/src/ejercicio5/Triangulo.java</file>
            <file>file:/Users/mluisadiez/Documents/UNIR/asignatura%20GAP/SolucionActividad1/Ejercicio5/src/ejercicio5/Cuadrilatero.java</file>
            <file>file:/Users/mluisadiez/Documents/UNIR/asignatura%20GAP/SolucionActividad1/Ejercicio5/src/ejercicio5/Rectangulo.java</file>
            <file>file:/Users/mluisadiez/Documents/UNIR/asignatura%20GAP/SolucionActividad1/Ejercicio5/src/ejercicio5/TrianguloEquilatero.java</file>
            <file>file:/Users/mluisadiez/Documents/UNIR/asignatura%20GAP/SolucionActividad1/Ejercicio5/src/ejercicio5/Punto.java</file>
        </group>
    </open-files>
</project-private>
