<?xml version="1.0" encoding="UTF-8"?>
<project-private xmlns="http://www.netbeans.org/ns/project-private/1">
    <editor-bookmarks xmlns="http://www.netbeans.org/ns/editor-bookmarks/2" lastBookmarkId="0"/>
    <open-files xmlns="http://www.netbeans.org/ns/projectui-open-files/2">
        <group>
            <file>file:/Users/mluisadiez/Documents/UNIR/asignatura%20GAP/SolucionActividad1/ProblemaProductorConsumidor/src/ProblemaProductorConsumidor.java</file>
            <file>file:/Users/mluisadiez/Documents/UNIR/asignatura%20GAP/SolucionActividad1/ProblemaProductorConsumidor/src/Productor.java</file>
            <file>file:/Users/mluisadiez/Documents/UNIR/asignatura%20GAP/SolucionActividad1/ProblemaProductorConsumidor/src/Buffer.java</file>
            <file>file:/Users/mluisadiez/Documents/UNIR/asignatura%20GAP/SolucionActividad1/ProblemaProductorConsumidor/src/Consumidor.java</file>
        </group>
    </open-files>
</project-private>
