<?xml version="1.0" encoding="UTF-8"?>
<project-private xmlns="http://www.netbeans.org/ns/project-private/1">
    <editor-bookmarks xmlns="http://www.netbeans.org/ns/editor-bookmarks/2" lastBookmarkId="0"/>
    <open-files xmlns="http://www.netbeans.org/ns/projectui-open-files/2">
        <group>
            <file>file:/Users/mluisadiez/Documents/UNIR/asignatura%20GAP/SolucionActividad1/Ejercicio3/src/ejercicio3/Direccion.java</file>
            <file>file:/Users/mluisadiez/Documents/UNIR/asignatura%20GAP/SolucionActividad1/Ejercicio3/src/ejercicio3/CantidadExcedeExistencias.java</file>
            <file>file:/Users/mluisadiez/Documents/UNIR/asignatura%20GAP/SolucionActividad1/Ejercicio3/src/ejercicio3/ProductoInexistente.java</file>
            <file>file:/Users/mluisadiez/Documents/UNIR/asignatura%20GAP/SolucionActividad1/Ejercicio3/src/ejercicio3/Dimension.java</file>
            <file>file:/Users/mluisadiez/Documents/UNIR/asignatura%20GAP/SolucionActividad1/Ejercicio3/src/ejercicio3/Producto.java</file>
            <file>file:/Users/mluisadiez/Documents/UNIR/asignatura%20GAP/SolucionActividad1/Ejercicio3/src/ejercicio3/Empresa.java</file>
            <file>file:/Users/mluisadiez/Documents/UNIR/asignatura%20GAP/SolucionActividad1/Ejercicio3/src/ejercicio3/Ejercicio3.java</file>
            <file>file:/Users/mluisadiez/Documents/UNIR/asignatura%20GAP/SolucionActividad1/Ejercicio3/src/ejercicio3/LineaPedido.java</file>
            <file>file:/Users/mluisadiez/Documents/UNIR/asignatura%20GAP/SolucionActividad1/Ejercicio3/src/ejercicio3/YaEstaEnPedido.java</file>
            <file>file:/Users/mluisadiez/Documents/UNIR/asignatura%20GAP/SolucionActividad1/Ejercicio3/src/ejercicio3/Pedido.java</file>
            <file>file:/Users/mluisadiez/Documents/UNIR/asignatura%20GAP/SolucionActividad1/Ejercicio3/src/ejercicio3/ProductoVirtual.java</file>
            <file>file:/Users/mluisadiez/Documents/UNIR/asignatura%20GAP/SolucionActividad1/Ejercicio3/src/ejercicio3/Cliente.java</file>
            <file>file:/Users/mluisadiez/Documents/UNIR/asignatura%20GAP/SolucionActividad1/Ejercicio3/src/ejercicio3/ProductoFisico.java</file>
        </group>
    </open-files>
</project-private>
